{
    "Training Time (s)": 0.40325498580932617,
    "Train R2": 0.9994939840710021,
    "Train MAE": 1321.8948312973637,
    "Train RMSE": 1967.0085974415233,
    "Train MAPE": 0.005857072873191097,
    "Test R2": 0.9991571096287124,
    "Test MAE": 1494.4604173684409,
    "Test RMSE": 2531.3436990947243,
    "Test MAPE": 0.0065410692571190145,
    "Explained Variance": 0.9991571419565136,
    "Max Error": 61392.643798303034,
    "Overfitting Score": 0.0003368744422896919
}